{"dim": [1600, 1200], "K": [[870.9120441143738, 0.0, 759.0521013792046], [0.0, 871.8696464222111, 565.6690510150169], [0.0, 0.0, 1.0]], "D": [[0.04901840391847435], [-0.14418264116567653], [0.3025916184024204], [-0.20740071901744783]]}