{"dim": [1600, 1200], "K": [[882.8023779344038, 0.0, 747.2293736244008], [0.0, 882.8817983308336, 558.5019344346339], [0.0, 0.0, 1.0]], "D": [[0.016834675914914405], [0.0054753574883127185], [-0.00813160904321693], [0.007668198138629173]]}